Ingredient,light
Ingredient,filling
Ingredient,tangy
Ingredient,dessert
Ingredient,sweet
Ingredient,spicy
Ingredient,fruit
Ingredient,chocolate
Ingredient,grilled
Ingredient,crispy
Ingredient,pie
Ingredient,soda
Ingredient,noodle
Ingredient,tofu
Ingredient,salad
Ingredient,baked
Ingredient,taco
Ingredient,nachos
Ingredient,rice
Ingredient,pasta
Ingredient,pizza
Ingredient,bread
Ingredient,curry
Ingredient,burger
Ingredient,sandwich
Ingredient,fish
Ingredient,shrimp
Ingredient,beef
Ingredient,bacon
Ingredient,pork
Ingredient,egg
Ingredient,cheese
Ingredient,chicken
Ingredient,meat
Ingredient,healthy
Ingredient,seafood
Ingredient,vegetarian
Ingredient,vegan
Ingredient,Mexican
Ingredient,Indian
Ingredient,Asian
Ingredient,Thai
Ingredient,Italian
Ingredient,crunchy
